{"test_mse_loss": 0.16638953022242145, "test_mae_loss": 0.05562919994371747, "test_r2_score": -0.5977739877370789, "inference_latency": 0.24250259998370893}