{"test_mse_loss": 14815.33504340367, "test_mae_loss": 110.11507105102874, "test_r2_score": -14.871404225579496, "inference_latency": 0.25890069999877596}