{"test_mse_loss": 0.10973533088870924, "test_mae_loss": 0.047053516416886224, "test_r2_score": -Infinity, "inference_latency": 0.24344790002214722}