{"test_mse_loss": 45773.03086600563, "test_mae_loss": 163.29328205817123, "test_r2_score": -124.03830636305194, "inference_latency": 0.44563150001340546}