{"test_mse_loss": 310.6789737966982, "test_mae_loss": 2.390654145256239, "test_r2_score": -0.11087859392351347, "inference_latency": 0.217794900003355}