{"test_mse_loss": 303.77952243829753, "test_mae_loss": 2.420852101053996, "test_r2_score": -0.21090976736368292, "inference_latency": 0.19866510000429116}