{"test_mse_loss": 0.7937924424511502, "test_mae_loss": 0.12211026381209815, "test_r2_score": -2.0358647508788232, "inference_latency": 0.2594622999895364}