{"test_mse_loss": 0.0569528026281951, "test_mae_loss": 0.03282216745119316, "test_r2_score": -0.15881686240567908, "inference_latency": 0.2483465000113938}