{"test_mse_loss": 0.019062757154668483, "test_mae_loss": 0.01699725415104936, "test_r2_score": -0.051609944819758204, "inference_latency": 0.26499510000576265}