{"test_mse_loss": 44477.30882927768, "test_mae_loss": 165.1559538432442, "test_r2_score": -11.74957520911477, "inference_latency": 0.4890157999761868}