{"test_mse_loss": 0.20049382352756584, "test_mae_loss": 0.06361098186537854, "test_r2_score": -0.5908197958281722, "inference_latency": 0.24083819999941625, "model": 