{"test_mse_loss": 388.68226779984406, "test_mae_loss": 2.687272471728015, "test_r2_score": -0.11892194695682408, "inference_latency": 0.25856260000000475}