{"test_mse_loss": 392.4292988660285, "test_mae_loss": 2.692550310435174, "test_r2_score": -0.1274735069507673, "inference_latency": 0.5188587999437004}