{"test_mse_loss": 17870.78733751744, "test_mae_loss": 118.61045307895249, "test_r2_score": -9.056310630911547, "inference_latency": 0.236014799993427}