{"test_mse_loss": 0.08390386533384082, "test_mae_loss": 0.04011738991900751, "test_r2_score": -0.19512806759635942, "inference_latency": 0.21632569999201223}