{"test_mse_loss": 47433.54195195173, "test_mae_loss": 163.6718585384231, "test_r2_score": -23.232966646777836, "inference_latency": 0.3672806000104174}