{"test_mse_loss": 0.043245319479468296, "test_mae_loss": 0.028159560708871538, "test_r2_score": -0.10701015900265991, "inference_latency": 0.23579859999881592}