{"test_mse_loss": 45501.31259394873, "test_mae_loss": 158.20900879939722, "test_r2_score": -21.99001325165455, "inference_latency": 0.37088880001101643}