{"test_mse_loss": 15608.49402640253, "test_mae_loss": 113.96471574865477, "test_r2_score": -5.0376760664550675, "inference_latency": 0.19638440001290292}