{"test_mse_loss": 0.28181694826061476, "test_mae_loss": 0.07399837169557905, "test_r2_score": -0.5986917879132927, "inference_latency": 0.22207580000394955}