{"test_mse_loss": 0.10631474325756056, "test_mae_loss": 0.046343153133397576, "test_r2_score": -0.5268302616411196, "inference_latency": 0.23399959999369457}