{"test_mse_loss": 0.15346546465743602, "test_mae_loss": 0.0524771529203967, "test_r2_score": -0.670261373213805, "inference_latency": 0.25255859999742825}