{"test_mse_loss": 16607.934895803606, "test_mae_loss": 115.54356435694633, "test_r2_score": -13.735595925708456, "inference_latency": 0.8433117999998103}