{"test_mse_loss": 1.514515032177342, "test_mae_loss": 1.036306297209003, "test_r2_score": -Infinity, "inference_latency": 0.27880089999962365}