{"test_mse_loss": 37508.11095961292, "test_mae_loss": 154.93462269383386, "test_r2_score": -10.516870082796558, "inference_latency": 0.3429070000129286}