{"test_mse_loss": 45278.517809566685, "test_mae_loss": 150.12457601181777, "test_r2_score": -22.550012360375696, "inference_latency": 0.3551294000062626}